log_id,query_time,query_type,response_cost,accept_status,region_tag
1,2026-09-03 17:57:13,图纸规范,3.4,0,长沙
2,2026-09-10 16:16:14,智能配植,5.8,0,重庆
3,2026-09-07 21:39:05,效果图咨询,4.3,1,长沙
4,2026-09-08 12:41:06,方案文本,2.8,1,重庆
5,2026-09-04 21:36:02,图纸规范,3.4,1,重庆
6,2026-09-08 08:16:42,方案文本,2.5,1,杭州
7,2026-09-10 20:43:35,智能配植,4.3,1,长沙
8,2026-09-08 21:05:13,方案文本,2.5,1,杭州
9,2026-09-07 11:08:25,效果图咨询,4.3,1,长沙
10,2026-09-10 19:00:56,智能配植,6.1,0,杭州
11,2026-09-10 20:40:42,智能配植,4.8,1,长沙
12,2026-09-10 10:23:55,智能配植,6.1,1,重庆
13,2026-09-07 17:23:50,效果图咨询,4.6,0,长沙
14,2026-09-10 08:45:04,智能配植,4.6,0,长沙
15,2026-09-10 10:25:04,智能配植,4.9,1,重庆
16,2026-09-04 08:20:55,图纸规范,2.8,1,杭州
17,2026-09-10 11:13:53,智能配植,4.5,0,重庆
18,2026-09-07 18:17:12,方案文本,2.1,1,重庆
19,2026-09-10 20:18:47,智能配植,5.1,0,重庆
20,2026-09-07 15:38:13,方案文本,2.7,1,重庆
21,2026-09-07 12:05:59,方案文本,2.6,0,重庆
22,2026-09-10 08:30:54,智能配植,4.2,0,重庆
23,2026-09-08 08:56:13,方案文本,2.3,1,重庆
24,2026-09-10 22:22:12,智能配植,5.5,1,重庆
25,2026-09-10 23:58:25,智能配植,4.5,1,重庆
26,2026-09-10 15:46:49,智能配植,6.1,1,重庆
27,2026-09-04 22:02:27,图纸规范,2.9,1,长沙
28,2026-09-04 20:17:38,图纸规范,3.7,1,重庆
29,2026-09-07 19:46:32,方案文本,1.8,1,重庆
30,2026-09-04 12:13:21,图纸规范,3.1,1,重庆
31,2026-09-10 12:26:32,智能配植,5.6,1,长沙
32,2026-09-07 08:34:26,效果图咨询,5.0,1,长沙
33,2026-09-08 19:46:05,方案文本,2.2,1,长沙
34,2026-09-07 14:01:33,效果图咨询,5.1,0,长沙
35,2026-09-07 22:59:28,效果图咨询,4.1,1,杭州
36,2026-09-10 16:32:58,智能配植,6.1,0,重庆
37,2026-09-10 08:41:41,智能配植,4.5,0,长沙
38,2026-09-10 18:50:07,智能配植,6.1,1,重庆
39,2026-09-07 11:38:14,效果图咨询,4.2,0,长沙
40,2026-09-10 15:30:05,智能配植,4.6,1,重庆
41,2026-09-08 08:14:23,方案文本,2.0,1,杭州
42,2026-09-07 17:43:52,效果图咨询,4.8,1,长沙
43,2026-09-10 12:07:21,智能配植,3.8,1,杭州
44,2026-09-08 10:56:51,方案文本,2.5,1,重庆
45,2026-09-06 12:57:51,方案文本,2.7,1,长沙
46,2026-09-10 23:04:55,智能配植,3.8,0,重庆
47,2026-09-08 19:04:25,方案文本,1.8,1,长沙
48,2026-09-03 17:32:08,图纸规范,2.8,1,杭州
49,2026-09-04 08:47:54,图纸规范,2.9,1,杭州
50,2026-09-08 12:19:09,方案文本,2.0,0,长沙
51,2026-09-07 15:05:16,方案文本,2.8,1,杭州
52,2026-09-07 20:54:43,效果图咨询,4.2,1,杭州
53,2026-09-04 14:38:41,图纸规范,3.3,0,长沙
54,2026-09-04 18:47:06,图纸规范,3.3,1,杭州
55,2026-09-07 20:56:47,效果图咨询,4.9,1,杭州
56,2026-09-10 19:29:05,智能配植,3.7,0,杭州
57,2026-09-10 13:21:21,智能配植,4.3,1,重庆
58,2026-09-06 12:26:27,方案文本,1.9,1,杭州
59,2026-09-10 23:56:59,智能配植,5.0,1,重庆
60,2026-09-07 18:40:03,方案文本,1.8,1,杭州
61,2026-09-08 14:35:43,方案文本,2.5,1,杭州
62,2026-09-04 11:45:19,图纸规范,3.5,0,重庆
63,2026-09-04 08:53:55,图纸规范,3.5,1,重庆
64,2026-09-10 17:35:46,智能配植,4.8,1,重庆
65,2026-09-07 21:39:17,效果图咨询,4.8,1,长沙
66,2026-09-07 23:47:52,效果图咨询,5.0,1,重庆
67,2026-09-10 09:58:04,智能配植,4.4,0,长沙
68,2026-09-10 13:57:04,智能配植,5.2,1,重庆
69,2026-09-07 11:16:15,效果图咨询,5.0,1,重庆
70,2026-09-04 16:42:07,图纸规范,3.6,1,杭州
71,2026-09-07 08:02:09,效果图咨询,4.0,1,重庆
72,2026-09-08 08:19:29,方案文本,2.4,0,长沙
73,2026-09-04 20:39:47,图纸规范,2.9,1,重庆
74,2026-09-04 21:08:01,图纸规范,3.0,1,杭州
75,2026-09-10 14:10:29,智能配植,4.6,1,长沙
76,2026-09-10 10:01:04,智能配植,5.5,1,重庆
77,2026-09-07 08:22:57,效果图咨询,4.6,0,重庆
78,2026-09-08 16:41:05,方案文本,2.5,1,杭州
79,2026-09-10 11:02:08,智能配植,5.5,1,长沙
80,2026-09-10 14:09:32,智能配植,5.2,0,重庆
